{
  "coinConfig": {
    "enableCoinDrops": true,
    "onlyHostileDrops": false,
    "conversionRate": 10,
    "disableCopperCoin": false,
    "disableIronCoin": false,
    "disableGoldCoin": false,
    "disablePlatinumCoin": false,
    "disableTinCoin": true,
    "disableNickelCoin": true,
    "disableSilverCoin": true,
    "disableSteelCoin": true,
    "disableBronzeCoin": true,
    "disableBrassCoin": true,
    "disableOsmiumCoin": true,
    "disableDiamondCoin": true,
    "disableEmeraldCoin": true,
    "disableRubyCoin": true,
    "disableSapphireCoin": true,
    "disableTopazCoin": true,
    "coinConversionOrder": [
      "copper",
      "iron",
      "gold",
      "platinum"
    ]
  },
  "loot": {
    "droprates": {
      "enableHealthDroprates": false,
      "minimumHealthDroprateMultiplier": 20,
      "copper": 0,
      "iron": 0,
      "gold": 0,
      "platinum": 0,
      "tin": 0,
      "nickel": 0,
      "silver": 0,
      "steel": 0,
      "bronze": 0,
      "brass": 0,
      "osmium": 0,
      "diamond": 0,
      "emerald": 0,
      "ruby": 0,
      "sapphire": 0,
      "topaz": 0,
      "dropboostHealth": [
        20,
        40,
        60,
        80
      ],
      "lootingBonusMax": 1,
      "shouldDropRandomExtra": false,
      "dropExtraLimit": 3
    },
    "dropCoinsOnPlayerDeath": true,
    "generateChestLoot": true,
    "chestLootLimit": 3,
    "lootFromSpawnerEntities": true,
    "serverAllowAutoPickup": true,
    "autoPickup": false
  },
  "entities": {
    "whitelistedDimensions": [],
    "includedEntities": [
      "minecraft:enderdragon",
      "minecraft:slime",
      "minecraft:shulker"
    ],
    "blacklistedEntities": []
  },
  "gui": {
    "walletEnabled": false,
    "walletGuiPos": "TOP",
    "walletGuiAxis": "TOP",
    "walletMaxSlotSize": 999,
    "clientShowWallet": true,
    "walletDisplay": [
      "coins",
      "autopickup",
      "movebuttons"
    ]
  }
}