{
  "profession": "minecraft:cleric",
  "removeOtherTrades": false,
  "maxTrades": 2,
  "trades": [
    {
      "offer": {
        "itemKey": "minecraft:emerald",
        "amount": 1,
        "priceModifier": 0
      },
      "request": {
        "itemKey": "minecraft:rotten_flesh",
        "amount": 32,
        "priceModifier": 0
      },
      "tradeExp": 2,
      "maxUses": 16,
      "priceMultiplier": 0.05,
      "demand": 0,
      "tradeLevel": 1
    },
    {
      "offer": {
        "itemKey": "minecraft:redstone",
        "amount": 2,
        "priceModifier": 0
      },
      "request": {
        "itemKey": "minecraft:emerald",
        "amount": 1,
        "priceModifier": 0
      },
      "tradeExp": 1,
      "maxUses": 12,
      "priceMultiplier": 0.05,
      "demand": 0,
      "tradeLevel": 1
    },
    {
      "offer": {
        "itemKey": "minecraft:emerald",
        "amount": 1,
        "priceModifier": 0
      },
      "request": {
        "itemKey": "minecraft:gold_ingot",
        "amount": 3,
        "priceModifier": 0
      },
      "tradeExp": 10,
      "maxUses": 12,
      "priceMultiplier": 0.05,
      "demand": 0,
      "tradeLevel": 2
    },
    {
      "offer": {
        "itemKey": "minecraft:lapis_lazuli",
        "amount": 1,
        "priceModifier": 0
      },
      "request": {
        "itemKey": "minecraft:emerald",
        "amount": 1,
        "priceModifier": 0
      },
      "tradeExp": 5,
      "maxUses": 12,
      "priceMultiplier": 0.05,
      "demand": 0,
      "tradeLevel": 2
    },
    {
      "offer": {
        "itemKey": "minecraft:emerald",
        "amount": 1,
        "priceModifier": 0
      },
      "request": {
        "itemKey": "minecraft:rabbit_foot",
        "amount": 2,
        "priceModifier": 0
      },
      "tradeExp": 20,
      "maxUses": 12,
      "priceMultiplier": 0.05,
      "demand": 0,
      "tradeLevel": 3
    },
    {
      "offer": {
        "itemKey": "minecraft:glowstone",
        "amount": 1,
        "priceModifier": 0
      },
      "request": {
        "itemKey": "minecraft:emerald",
        "amount": 4,
        "priceModifier": 0
      },
      "tradeExp": 10,
      "maxUses": 12,
      "priceMultiplier": 0.05,
      "demand": 0,
      "tradeLevel": 3
    },
    {
      "offer": {
        "itemKey": "minecraft:emerald",
        "amount": 1,
        "priceModifier": 0
      },
      "request": {
        "itemKey": "minecraft:scute",
        "amount": 4,
        "priceModifier": 0
      },
      "tradeExp": 30,
      "maxUses": 12,
      "priceMultiplier": 0.05,
      "demand": 0,
      "tradeLevel": 4
    },
    {
      "offer": {
        "itemKey": "minecraft:emerald",
        "amount": 1,
        "priceModifier": 0
      },
      "request": {
        "itemKey": "minecraft:glass_bottle",
        "amount": 9,
        "priceModifier": 0
      },
      "tradeExp": 30,
      "maxUses": 12,
      "priceMultiplier": 0.05,
      "demand": 0,
      "tradeLevel": 4
    },
    {
      "offer": {
        "itemKey": "minecraft:ender_pearl",
        "amount": 1,
        "priceModifier": 0
      },
      "request": {
        "itemKey": "minecraft:emerald",
        "amount": 5,
        "priceModifier": 0
      },
      "tradeExp": 15,
      "maxUses": 12,
      "priceMultiplier": 0.05,
      "demand": 0,
      "tradeLevel": 4
    },
    {
      "offer": {
        "itemKey": "minecraft:emerald",
        "amount": 1,
        "priceModifier": 0
      },
      "request": {
        "itemKey": "minecraft:nether_wart",
        "amount": 22,
        "priceModifier": 0
      },
      "tradeExp": 30,
      "maxUses": 12,
      "priceMultiplier": 0.05,
      "demand": 0,
      "tradeLevel": 5
    },
    {
      "offer": {
        "itemKey": "minecraft:experience_bottle",
        "amount": 1,
        "priceModifier": 0
      },
      "request": {
        "itemKey": "minecraft:emerald",
        "amount": 3,
        "priceModifier": 0
      },
      "tradeExp": 30,
      "maxUses": 12,
      "priceMultiplier": 0.05,
      "demand": 0,
      "tradeLevel": 5
    }
  ]
}