{
  "profession": "minecraft:fletcher",
  "removeOtherTrades": false,
  "maxTrades": 2,
  "trades": [
    {
      "offer": {
        "itemKey": "minecraft:emerald",
        "amount": 1,
        "priceModifier": 0
      },
      "request": {
        "itemKey": "minecraft:stick",
        "amount": 32,
        "priceModifier": 0
      },
      "tradeExp": 2,
      "maxUses": 16,
      "priceMultiplier": 0.05,
      "demand": 0,
      "tradeLevel": 1
    },
    {
      "offer": {
        "itemKey": "minecraft:arrow",
        "amount": 16,
        "priceModifier": 0
      },
      "request": {
        "itemKey": "minecraft:emerald",
        "amount": 1,
        "priceModifier": 0
      },
      "tradeExp": 1,
      "maxUses": 12,
      "priceMultiplier": 0.05,
      "demand": 0,
      "tradeLevel": 1
    },
    {
      "offer": {
        "itemKey": "minecraft:flint",
        "amount": 10,
        "priceModifier": 0
      },
      "request": {
        "itemKey": "minecraft:emerald",
        "amount": 1,
        "priceModifier": 0
      },
      "additionalRequest": {
        "itemKey": "minecraft:gravel",
        "amount": 10,
        "priceModifier": 0
      },
      "tradeExp": 1,
      "maxUses": 12,
      "priceMultiplier": 0.05,
      "demand": 0,
      "tradeLevel": 1
    },
    {
      "offer": {
        "itemKey": "minecraft:emerald",
        "amount": 1,
        "priceModifier": 0
      },
      "request": {
        "itemKey": "minecraft:flint",
        "amount": 26,
        "priceModifier": 0
      },
      "tradeExp": 10,
      "maxUses": 12,
      "priceMultiplier": 0.05,
      "demand": 0,
      "tradeLevel": 2
    },
    {
      "offer": {
        "itemKey": "minecraft:bow",
        "amount": 1,
        "priceModifier": 0,
        "advancedNBTData": "{Damage:0}"
      },
      "request": {
        "itemKey": "minecraft:emerald",
        "amount": 2,
        "priceModifier": 0
      },
      "tradeExp": 5,
      "maxUses": 12,
      "priceMultiplier": 0.05,
      "demand": 0,
      "tradeLevel": 2
    },
    {
      "offer": {
        "itemKey": "minecraft:emerald",
        "amount": 1,
        "priceModifier": 0
      },
      "request": {
        "itemKey": "minecraft:string",
        "amount": 14,
        "priceModifier": 0
      },
      "tradeExp": 20,
      "maxUses": 16,
      "priceMultiplier": 0.05,
      "demand": 0,
      "tradeLevel": 3
    },
    {
      "offer": {
        "itemKey": "minecraft:crossbow",
        "amount": 1,
        "priceModifier": 0,
        "advancedNBTData": "{Damage:0}"
      },
      "request": {
        "itemKey": "minecraft:emerald",
        "amount": 3,
        "priceModifier": 0
      },
      "tradeExp": 10,
      "maxUses": 12,
      "priceMultiplier": 0.05,
      "demand": 0,
      "tradeLevel": 3
    },
    {
      "offer": {
        "itemKey": "minecraft:emerald",
        "amount": 1,
        "priceModifier": 0
      },
      "request": {
        "itemKey": "minecraft:feather",
        "amount": 24,
        "priceModifier": 0
      },
      "tradeExp": 30,
      "maxUses": 16,
      "priceMultiplier": 0.05,
      "demand": 0,
      "tradeLevel": 4
    },
    {
      "offer": {
        "itemKey": "minecraft:bow",
        "amount": 1,
        "priceModifier": 0,
        "advancedNBTData": "{Damage:0,Enchantments:[{id:\"minecraft:unbreaking\",lvl:3s},{id:\"minecraft:power\",lvl:3s}]}"
      },
      "request": {
        "itemKey": "minecraft:emerald",
        "amount": 21,
        "priceModifier": 0
      },
      "tradeExp": 15,
      "maxUses": 3,
      "priceMultiplier": 0.05,
      "demand": 0,
      "tradeLevel": 4
    },
    {
      "offer": {
        "itemKey": "minecraft:emerald",
        "amount": 1,
        "priceModifier": 0
      },
      "request": {
        "itemKey": "minecraft:tripwire_hook",
        "amount": 8,
        "priceModifier": 0
      },
      "tradeExp": 30,
      "maxUses": 12,
      "priceMultiplier": 0.05,
      "demand": 0,
      "tradeLevel": 5
    },
    {
      "offer": {
        "itemKey": "minecraft:crossbow",
        "amount": 1,
        "priceModifier": 0,
        "advancedNBTData": "{Damage:0,Enchantments:[{id:\"minecraft:piercing\",lvl:2s},{id:\"minecraft:unbreaking\",lvl:2s}]}"
      },
      "request": {
        "itemKey": "minecraft:emerald",
        "amount": 16,
        "priceModifier": 0
      },
      "tradeExp": 15,
      "maxUses": 3,
      "priceMultiplier": 0.05,
      "demand": 0,
      "tradeLevel": 5
    },
    {
      "offer": {
        "itemKey": "minecraft:tipped_arrow",
        "amount": 5,
        "priceModifier": 0,
        "advancedNBTData": "{Potion:\"minecraft:regeneration\"}"
      },
      "request": {
        "itemKey": "minecraft:emerald",
        "amount": 2,
        "priceModifier": 0
      },
      "additionalRequest": {
        "itemKey": "minecraft:arrow",
        "amount": 5,
        "priceModifier": 0
      },
      "tradeExp": 30,
      "maxUses": 12,
      "priceMultiplier": 0.05,
      "demand": 0,
      "tradeLevel": 5
    }
  ]
}