{
  "profession": "minecraft:toolsmith",
  "removeOtherTrades": false,
  "maxTrades": 2,
  "trades": [
    {
      "offer": {
        "itemKey": "minecraft:emerald",
        "amount": 1,
        "priceModifier": 0
      },
      "request": {
        "itemKey": "minecraft:coal",
        "amount": 15,
        "priceModifier": 0
      },
      "tradeExp": 2,
      "maxUses": 16,
      "priceMultiplier": 0.05,
      "demand": 0,
      "tradeLevel": 1
    },
    {
      "offer": {
        "itemKey": "minecraft:stone_axe",
        "amount": 1,
        "priceModifier": 0,
        "advancedNBTData": "{Damage:0}"
      },
      "request": {
        "itemKey": "minecraft:emerald",
        "amount": 1,
        "priceModifier": 0
      },
      "tradeExp": 1,
      "maxUses": 12,
      "priceMultiplier": 0.2,
      "demand": 0,
      "tradeLevel": 1
    },
    {
      "offer": {
        "itemKey": "minecraft:stone_shovel",
        "amount": 1,
        "priceModifier": 0,
        "advancedNBTData": "{Damage:0}"
      },
      "request": {
        "itemKey": "minecraft:emerald",
        "amount": 1,
        "priceModifier": 0
      },
      "tradeExp": 1,
      "maxUses": 12,
      "priceMultiplier": 0.2,
      "demand": 0,
      "tradeLevel": 1
    },
    {
      "offer": {
        "itemKey": "minecraft:stone_pickaxe",
        "amount": 1,
        "priceModifier": 0,
        "advancedNBTData": "{Damage:0}"
      },
      "request": {
        "itemKey": "minecraft:emerald",
        "amount": 1,
        "priceModifier": 0
      },
      "tradeExp": 1,
      "maxUses": 12,
      "priceMultiplier": 0.2,
      "demand": 0,
      "tradeLevel": 1
    },
    {
      "offer": {
        "itemKey": "minecraft:stone_hoe",
        "amount": 1,
        "priceModifier": 0,
        "advancedNBTData": "{Damage:0}"
      },
      "request": {
        "itemKey": "minecraft:emerald",
        "amount": 1,
        "priceModifier": 0
      },
      "tradeExp": 1,
      "maxUses": 12,
      "priceMultiplier": 0.2,
      "demand": 0,
      "tradeLevel": 1
    },
    {
      "offer": {
        "itemKey": "minecraft:emerald",
        "amount": 1,
        "priceModifier": 0
      },
      "request": {
        "itemKey": "minecraft:iron_ingot",
        "amount": 4,
        "priceModifier": 0
      },
      "tradeExp": 10,
      "maxUses": 12,
      "priceMultiplier": 0.05,
      "demand": 0,
      "tradeLevel": 2
    },
    {
      "offer": {
        "itemKey": "minecraft:bell",
        "amount": 1,
        "priceModifier": 0
      },
      "request": {
        "itemKey": "minecraft:emerald",
        "amount": 36,
        "priceModifier": 0
      },
      "tradeExp": 5,
      "maxUses": 12,
      "priceMultiplier": 0.2,
      "demand": 0,
      "tradeLevel": 2
    },
    {
      "offer": {
        "itemKey": "createdieselgenerators:lighter",
        "amount": 1,
        "priceModifier": 0
      },
      "request": {
        "itemKey": "minecraft:emerald",
        "amount": 5,
        "priceModifier": 0
      },
      "tradeExp": 8,
      "maxUses": 10,
      "priceMultiplier": 0.02,
      "demand": 0,
      "tradeLevel": 2
    },
    {
      "offer": {
        "itemKey": "minecraft:emerald",
        "amount": 1,
        "priceModifier": 0
      },
      "request": {
        "itemKey": "minecraft:flint",
        "amount": 30,
        "priceModifier": 0
      },
      "tradeExp": 20,
      "maxUses": 12,
      "priceMultiplier": 0.05,
      "demand": 0,
      "tradeLevel": 3
    },
    {
      "offer": {
        "itemKey": "minecraft:iron_axe",
        "amount": 1,
        "priceModifier": 0,
        "advancedNBTData": "{Damage:0,Enchantments:[{id:\"minecraft:efficiency\",lvl:2s}]}"
      },
      "request": {
        "itemKey": "minecraft:emerald",
        "amount": 9,
        "priceModifier": 0
      },
      "tradeExp": 10,
      "maxUses": 3,
      "priceMultiplier": 0.2,
      "demand": 0,
      "tradeLevel": 3
    },
    {
      "offer": {
        "itemKey": "minecraft:iron_shovel",
        "amount": 1,
        "priceModifier": 0,
        "advancedNBTData": "{Damage:0,Enchantments:[{id:\"minecraft:unbreaking\",lvl:1s}]}"
      },
      "request": {
        "itemKey": "minecraft:emerald",
        "amount": 9,
        "priceModifier": 0
      },
      "tradeExp": 10,
      "maxUses": 3,
      "priceMultiplier": 0.2,
      "demand": 0,
      "tradeLevel": 3
    },
    {
      "offer": {
        "itemKey": "minecraft:iron_pickaxe",
        "amount": 1,
        "priceModifier": 0,
        "advancedNBTData": "{Damage:0,Enchantments:[{id:\"minecraft:efficiency\",lvl:3s},{id:\"minecraft:silk_touch\",lvl:1s}]}"
      },
      "request": {
        "itemKey": "minecraft:emerald",
        "amount": 18,
        "priceModifier": 0
      },
      "tradeExp": 10,
      "maxUses": 3,
      "priceMultiplier": 0.2,
      "demand": 0,
      "tradeLevel": 3
    },
    {
      "offer": {
        "itemKey": "minecraft:diamond_hoe",
        "amount": 1,
        "priceModifier": 0,
        "advancedNBTData": "{Damage:0}"
      },
      "request": {
        "itemKey": "minecraft:emerald",
        "amount": 4,
        "priceModifier": 0
      },
      "tradeExp": 10,
      "maxUses": 3,
      "priceMultiplier": 0.2,
      "demand": 0,
      "tradeLevel": 3
    },
    {
      "offer": {
        "itemKey": "minecraft:emerald",
        "amount": 1,
        "priceModifier": 0
      },
      "request": {
        "itemKey": "minecraft:diamond",
        "amount": 1,
        "priceModifier": 0
      },
      "tradeExp": 30,
      "maxUses": 12,
      "priceMultiplier": 0.05,
      "demand": 0,
      "tradeLevel": 4
    },
    {
      "offer": {
        "itemKey": "minecraft:diamond_axe",
        "amount": 1,
        "priceModifier": 0,
        "advancedNBTData": "{Damage:0,Enchantments:[{id:\"minecraft:fortune\",lvl:1s}]}"
      },
      "request": {
        "itemKey": "minecraft:emerald",
        "amount": 29,
        "priceModifier": 0
      },
      "tradeExp": 15,
      "maxUses": 3,
      "priceMultiplier": 0.2,
      "demand": 0,
      "tradeLevel": 4
    },
    {
      "offer": {
        "itemKey": "minecraft:diamond_shovel",
        "amount": 1,
        "priceModifier": 0,
        "advancedNBTData": "{Damage:0,Enchantments:[{id:\"minecraft:unbreaking\",lvl:2s}]}"
      },
      "request": {
        "itemKey": "minecraft:emerald",
        "amount": 19,
        "priceModifier": 0
      },
      "tradeExp": 15,
      "maxUses": 3,
      "priceMultiplier": 0.2,
      "demand": 0,
      "tradeLevel": 4
    },
    {
      "offer": {
        "itemKey": "minecraft:diamond_pickaxe",
        "amount": 1,
        "priceModifier": 0,
        "advancedNBTData": "{Damage:0,Enchantments:[{id:\"minecraft:efficiency\",lvl:3s},{id:\"minecraft:unbreaking\",lvl:3s},{id:\"minecraft:silk_touch\",lvl:1s}]}"
      },
      "request": {
        "itemKey": "minecraft:emerald",
        "amount": 30,
        "priceModifier": 0
      },
      "tradeExp": 30,
      "maxUses": 3,
      "priceMultiplier": 0.2,
      "demand": 0,
      "tradeLevel": 5
    }
  ]
}