{"name":"tombstone:lost_treasure","rolls":1.0,"bonus_rolls":0.0,"entries":[{"type":"minecraft:item","weight":10,"functions":[{"function":"tombstone:check_enabled"}],"name":"tombstone:essence_of_undeath"},{"type":"minecraft:item","weight":20,"name":"minecraft:bundle"},{"type":"minecraft:item","weight":20,"functions":[{"function":"tombstone:check_enabled"}],"name":"tombstone:bag_of_seeds"},{"type":"minecraft:item","weight":3,"functions":[{"function":"minecraft:set_nbt","tag":"{ancient:1b}"},{"function":"tombstone:check_enabled"}],"name":"tombstone:tablet_of_recall"},{"type":"minecraft:item","weight":3,"functions":[{"function":"minecraft:set_nbt","tag":"{ancient:1b}"},{"function":"tombstone:check_enabled"}],"name":"tombstone:tablet_of_home"},{"type":"minecraft:item","weight":3,"functions":[{"function":"minecraft:set_nbt","tag":"{ancient:1b}"},{"function":"tombstone:check_enabled"}],"name":"tombstone:tablet_of_assistance"},{"type":"minecraft:item","weight":20,"functions":[{"function":"tombstone:check_enabled"},{"function":"tombstone:delayed_nbt_loot"}],"name":"tombstone:scroll_of_knowledge"},{"type":"minecraft:item","weight":3,"functions":[{"function":"minecraft:set_nbt","tag":"{ancient:1b}"},{"function":"tombstone:check_enabled"}],"name":"tombstone:tablet_of_cupidity"},{"type":"minecraft:item","weight":3,"functions":[{"function":"minecraft:set_nbt","tag":"{ancient:1b}"},{"function":"tombstone:check_enabled"}],"name":"tombstone:tablet_of_guard"},{"type":"minecraft:item","weight":50,"functions":[{"function":"tombstone:check_enabled"},{"function":"tombstone:delayed_nbt_loot"}],"name":"tombstone:magic_scroll"},{"type":"minecraft:item","weight":10,"functions":[{"function":"tombstone:check_enabled"}],"name":"tombstone:gemstone_of_familiar"},{"type":"minecraft:item","weight":10,"functions":[{"function":"tombstone:check_enabled"},{"function":"tombstone:delayed_nbt_loot"}],"name":"tombstone:voodoo_poppet"},{"type":"minecraft:item","weight":10,"functions":[{"function":"tombstone:check_enabled"},{"function":"tombstone:delayed_nbt_loot"}],"name":"tombstone:receptacle_of_familiar"},{"type":"minecraft:item","weight":20,"functions":[{"function":"tombstone:delayed_nbt_loot"}],"name":"tombstone:fishing_rod_of_misadventure"},{"type":"minecraft:item","weight":100,"functions":[{"function":"tombstone:check_enabled"}],"name":"tombstone:lost_tablet"},{"type":"minecraft:empty","weight":715}],"conditions":[{"condition":"minecraft:entity_properties","predicate":{"type_specific":{"in_open_water":true,"type":"fishing_hook"}},"entity":"this"}]}