{
  "entity": "aquamirae:captain_cornelia",
  "evolution": "tensura:none",
  "maxEP": 1000000,
  "minEP": 80000,
  "skills": [
    "tensura:abnormal_condition_nullification",
    "tensura:water_breathing",
    "tensura:cold_nullification",
    "tensura:water_attack_nullification",
    "tensura:gravity_attack_nullification",
    "tensura:water_transformation",
    "tensura:self_regeneration",
    "tensura:strengthen_body",
    "tensura:suppressor",
    "tensura:paralysis_nullification",
    "tensura:ultra_instinct",
    "tensura:ranged_barrier",
    "tensura:absolute_severance",
    "tensura:unpredictability"
  ]
}