{
  "entity": "aquamirae:maze_mother",
  "evolution": "tensura:none",
  "maxEP": 390000,
  "minEP": 65000,
  "skills": [
    "tensura:abnormal_condition_nullification",
    "tensura:water_attack_nullification",
    "tensura:cold_nullification",
    "tensura:corrosion_resistance",
    "tensura:poison_nullification",
    "tensura:paralysis_nullification",
    "tensura:gravity_attack_nullification",
    "tensura:self_regeneration",
    "tensura:water_current_control",
    "tensura:strengthen_body",
    "tensura:poison",
    "tensura:paralysis"
  ]
}