{
  "profession": "minecraft:butcher",
  "removeOtherTrades": false,
  "maxTrades": 2,
  "trades": [
    {
      "offer": {
        "itemKey": "minecraft:emerald",
        "amount": 1,
        "priceModifier": 0
      },
      "request": {
        "itemKey": "tensura:low_quality_magic_crystal",
        "amount": 5,
        "priceModifier": 0
      },
      "tradeExp": 6,
      "maxUses": 16,
      "priceMultiplier": 0.05,
      "demand": 0,
      "tradeLevel": 1,
      "UTID": "minecraft:butcher_emerald_for_low_quality_magic_crystal"
    },
    {
      "offer": {
        "itemKey": "btrultima:wisdom_shard",
        "amount": 1,
        "priceModifier": 0
      },
      "request": {
        "itemKey": "tensura:elemental_essence",
        "amount": 2,
        "priceModifier": 0
      },
      "tradeExp": 6,
      "maxUses": 5,
      "priceMultiplier": 0.05,
      "demand": 0,
      "tradeLevel": 5,
      "UTID": "minecraft:butcher_wisdom_shard_for_elemental_essence"
    },
    {
      "offer": {
        "itemKey": "minecraft:emerald",
        "amount": 2,
        "priceModifier": 0
      },
      "request": {
        "itemKey": "tensura:monster_leather_d",
        "amount": 1,
        "priceModifier": 0
      },
      "tradeExp": 3,
      "maxUses": 10,
      "priceMultiplier": 0.05,
      "demand": 0,
      "tradeLevel": 1,
      "UTID": "minecraft:butcher_emerald_for_monster_leather_d"
    },
    {
      "offer": {
        "itemKey": "minecraft:emerald",
        "amount": 4,
        "priceModifier": 0
      },
      "request": {
        "itemKey": "tensura:monster_leather_c",
        "amount": 1,
        "priceModifier": 0
      },
      "tradeExp": 3,
      "maxUses": 10,
      "priceMultiplier": 0.05,
      "demand": 0,
      "tradeLevel": 2,
      "UTID": "minecraft:butcher_emerald_for_monster_leather_c"
    }
  ]
}